source,target,value
mm_C25-10: GABA-2,bf_0,0.11584328556942489
mm_C25-10: GABA-2,bf_1,0.11501115560883027
mm_C25-11: GABA-1,bf_0,0.18061559304123004
mm_C25-11: GABA-1,bf_1,0.24521014851830714
mm_C25-11: GABA-1,bf_16,0.14178940341473523
mm_C25-11: GABA-1,bf_9,0.10923490229532132
mm_C25-12: GABA-3,bf_0,0.12263911209680242
mm_C25-12: GABA-3,bf_1,0.10819195473804111
mm_C25-12: GABA-3,bf_9,0.13455318739700337
mm_C25-13: GABA-4,bf_0,0.12133402012154237
mm_C25-13: GABA-4,bf_1,0.11736266997075184
mm_C25-13: GABA-4,bf_2,0.12403320015164147
mm_C25-13: GABA-4,bf_9,0.1332929889157675
mm_C25-14: GABA-5,bf_0,0.11891272516801181
mm_C25-14: GABA-5,bf_1,0.16719273254053035
mm_C25-15: GABA-6,bf_0,0.2219879205288106
mm_C25-15: GABA-6,bf_1,0.1027101119109414
mm_C25-15: GABA-6,bf_2,0.11250259587272855
mm_C25-15: GABA-6,bf_9,0.11275410898465017
mm_C25-17: Ependymal-like,bf_12,0.1980482582883547
mm_C25-17: Ependymal-like,bf_5,0.11640933832732772
mm_C25-17: Ependymal-like,bf_8,0.15718055672358225
mm_C25-18: Astrocytes,bf_12,0.3203248578526035
mm_C25-18: Astrocytes,bf_4,0.3072200748859667
mm_C25-19: Oligodendrocytes,bf_18,0.41561146467313687
mm_C25-19: Oligodendrocytes,bf_20,0.12052099397532993
mm_C25-19: Oligodendrocytes,bf_22,0.2457259155831149
mm_C25-1: GLU-1,bf_0,0.14042816289405743
mm_C25-1: GLU-1,bf_1,0.19242423123898061
mm_C25-1: GLU-1,bf_10,0.1002471043064519
mm_C25-1: GLU-1,bf_9,0.19813835731860846
mm_C25-20: OPC,bf_6,0.11717338469865586
mm_C25-21: Immune,bf_19,0.18850405357354832
mm_C25-21: Immune,bf_3,0.4603470068658684
mm_C25-21: Immune,bf_6,0.22429440989904306
mm_C25-23: ParsTuber,bf_17,0.36744676205481247
mm_C25-23: ParsTuber,bf_2,0.2136705653194783
mm_C25-24: Mural+Endothelial,bf_19,0.2895248298105642
mm_C25-24: Mural+Endothelial,bf_8,0.32781879779571244
mm_C25-25: Fibroblasts,bf_20,0.2552275201788639
mm_C25-25: Fibroblasts,bf_3,0.22221049418540537
mm_C25-25: Fibroblasts,bf_4,0.23442690081801124
mm_C25-25: Fibroblasts,bf_5,0.4189459461193027
mm_C25-25: Fibroblasts,bf_6,0.28468111261780665
mm_C25-25: Fibroblasts,bf_8,0.12044735289794888
mm_C25-2: GLU-2,bf_0,0.1521323939344101
mm_C25-2: GLU-2,bf_1,0.278471458450282
mm_C25-2: GLU-2,bf_9,0.12458161612253323
mm_C25-3: GLU-3,bf_0,0.11186036736436655
mm_C25-3: GLU-3,bf_1,0.2256749948003811
mm_C25-3: GLU-3,bf_9,0.13049342723646792
mm_C25-4: GLU-4,bf_0,0.15165795311393898
mm_C25-4: GLU-4,bf_1,0.1750988934053975
mm_C25-4: GLU-4,bf_9,0.13920719825218644
mm_C25-5: GLU-5,bf_0,0.16423096445694413
mm_C25-5: GLU-5,bf_1,0.1718796533489626
mm_C25-5: GLU-5,bf_2,0.1073631644835809
mm_C25-5: GLU-5,bf_9,0.1231494516436954
mm_C25-6: GLU-6,bf_7,0.10146692708025802
mm_C25-7: GLU-7,bf_10,0.25302450715389824
mm_C25-7: GLU-7,bf_13,0.5260416690758226
mm_C25-7: GLU-7,bf_7,0.2169639140862348
mm_C25-8: GLU-8,bf_0,0.14419884389974888
mm_C25-8: GLU-8,bf_1,0.45349487739092276
mm_C25-8: GLU-8,bf_15,0.131500402187388
mm_C25-9: GLU-9,bf_2,0.1269601120847597
bf_0,mm_C25-10: GABA-2,0.11584328556942489
bf_0,mm_C25-11: GABA-1,0.18061559304123004
bf_0,mm_C25-12: GABA-3,0.12263911209680242
bf_0,mm_C25-13: GABA-4,0.12133402012154237
bf_0,mm_C25-14: GABA-5,0.11891272516801181
bf_0,mm_C25-15: GABA-6,0.2219879205288106
bf_0,mm_C25-1: GLU-1,0.14042816289405743
bf_0,mm_C25-2: GLU-2,0.1521323939344101
bf_0,mm_C25-3: GLU-3,0.11186036736436655
bf_0,mm_C25-4: GLU-4,0.15165795311393898
bf_0,mm_C25-5: GLU-5,0.16423096445694413
bf_0,mm_C25-8: GLU-8,0.14419884389974888
bf_1,mm_C25-10: GABA-2,0.11501115560883027
bf_1,mm_C25-11: GABA-1,0.24521014851830714
bf_1,mm_C25-12: GABA-3,0.10819195473804111
bf_1,mm_C25-13: GABA-4,0.11736266997075184
bf_1,mm_C25-14: GABA-5,0.16719273254053035
bf_1,mm_C25-15: GABA-6,0.1027101119109414
bf_1,mm_C25-1: GLU-1,0.19242423123898061
bf_1,mm_C25-2: GLU-2,0.278471458450282
bf_1,mm_C25-3: GLU-3,0.2256749948003811
bf_1,mm_C25-4: GLU-4,0.1750988934053975
bf_1,mm_C25-5: GLU-5,0.1718796533489626
bf_1,mm_C25-8: GLU-8,0.45349487739092276
bf_10,mm_C25-1: GLU-1,0.1002471043064519
bf_10,mm_C25-7: GLU-7,0.25302450715389824
bf_12,mm_C25-17: Ependymal-like,0.1980482582883547
bf_12,mm_C25-18: Astrocytes,0.3203248578526035
bf_13,mm_C25-7: GLU-7,0.5260416690758226
bf_15,mm_C25-8: GLU-8,0.131500402187388
bf_16,mm_C25-11: GABA-1,0.14178940341473523
bf_17,mm_C25-23: ParsTuber,0.36744676205481247
bf_18,mm_C25-19: Oligodendrocytes,0.41561146467313687
bf_19,mm_C25-21: Immune,0.18850405357354832
bf_19,mm_C25-24: Mural+Endothelial,0.2895248298105642
bf_2,mm_C25-13: GABA-4,0.12403320015164147
bf_2,mm_C25-15: GABA-6,0.11250259587272855
bf_2,mm_C25-23: ParsTuber,0.2136705653194783
bf_2,mm_C25-5: GLU-5,0.1073631644835809
bf_2,mm_C25-9: GLU-9,0.1269601120847597
bf_20,mm_C25-19: Oligodendrocytes,0.12052099397532993
bf_20,mm_C25-25: Fibroblasts,0.2552275201788639
bf_22,mm_C25-19: Oligodendrocytes,0.2457259155831149
bf_3,mm_C25-21: Immune,0.4603470068658684
bf_3,mm_C25-25: Fibroblasts,0.22221049418540537
bf_4,mm_C25-18: Astrocytes,0.3072200748859667
bf_4,mm_C25-25: Fibroblasts,0.23442690081801124
bf_5,mm_C25-17: Ependymal-like,0.11640933832732772
bf_5,mm_C25-25: Fibroblasts,0.4189459461193027
bf_6,mm_C25-20: OPC,0.11717338469865586
bf_6,mm_C25-21: Immune,0.22429440989904306
bf_6,mm_C25-25: Fibroblasts,0.28468111261780665
bf_7,mm_C25-6: GLU-6,0.10146692708025802
bf_7,mm_C25-7: GLU-7,0.2169639140862348
bf_8,mm_C25-17: Ependymal-like,0.15718055672358225
bf_8,mm_C25-24: Mural+Endothelial,0.32781879779571244
bf_8,mm_C25-25: Fibroblasts,0.12044735289794888
bf_9,mm_C25-11: GABA-1,0.10923490229532132
bf_9,mm_C25-12: GABA-3,0.13455318739700337
bf_9,mm_C25-13: GABA-4,0.1332929889157675
bf_9,mm_C25-15: GABA-6,0.11275410898465017
bf_9,mm_C25-1: GLU-1,0.19813835731860846
bf_9,mm_C25-2: GLU-2,0.12458161612253323
bf_9,mm_C25-3: GLU-3,0.13049342723646792
bf_9,mm_C25-4: GLU-4,0.13920719825218644
bf_9,mm_C25-5: GLU-5,0.1231494516436954
